{
    "confidence_score": 0.7056143879890442,
    "ptm": 0.1072196438908577,
    "iptm": 0.0,
    "ligand_iptm": 0.0,
    "protein_iptm": 0.0,
    "complex_plddt": 0.8552130460739136,
    "complex_iplddt": 0.8552130460739136,
    "complex_pde": 0.3578408360481262,
    "complex_ipde": 0.0,
    "chains_ptm": {
        "0": 0.1072196438908577
    },
    "pair_chains_iptm": {
        "0": {
            "0": 0.1072196438908577
        }
    }
}